headlines,label
Trump’s Next Legal Move: Personal Bankruptcy,0
Former Australian PM Malcolm Turnbull says Donald Trump's creepy embrace of Vladimir Putin a threat to Australian security,0
Former U.S. spies warned in 2020 that the Hunter Biden scandal had Russian fingerprints. They feel vindicated now.,-1
"Trump's lawyers seek to suspend $83M defamation verdict, citing 'strong probability' it won't stand",1
NYC’s non-citizen voting law ruled unconstitutional on appeal,0
One statistic captures Washington’s indefensible treatment of Puerto Rico; The slow delivery of aid after the 2017 hurricanes and subsequent earthquakes suggests Puerto Rico may never be treated fairly by Washington.,0
Trump Says He's Too Rich To Post Bond In Carroll Defamation Case,1
West Virginia Republicans want to prevent suicidal transgender youth from receiving care. GOP lawmakers in West Virginia are pushing to overturn an exception that allows transgender youth at risk of self harm or suicide to receive gender-affirming care.,-1
"Alabama’s IVF Ruling Is a Dire Warning to Other States: The state's embrace of fetal personhood has had terrible, if unintended, consequences that will kill many families' dreams of having children.",-1
Trump pushes for delay in fraud trial ruling. Letitia James says she’s prepared to seize his assets,-1
CPAC has become the very thing Trump hates — bloodless and low-energy,-1
"Jamaal Bowman, losing favor among Israel supporters, teams up with Rashida Tlaib",1
‘You must act fast:’ Katie Porter is selling her fundraising list — at a discount,0
"Surprise: The GOP’s Favorite Gathering Was Full of Nazis Despite denials from the conference's leaders, white supremacists, conspiracy theorists, and racists did attend CPAC over the weekend.",-1
Prediction markets and polls are telling different stories about the presidential race,0
Republicans who say they support IVF backed a bill protecting life ‘at conception’,1
CPAC security slammed after forcing special needs child to move seats,1
"In Trump’s America, Frozen Embryos Are Children",0
"Trump seeks to dismiss Mar-a-Lago classified documents case, citing in part presidential immunity",0
"Alabama IVF ruling a political gift for Democrats, headache for Republicans",1
"New bill bars juvenile sex offenders in Maryland schools, 2021 law only applies to adults",-1
City Councilmember Gale Brewer wants to investigate pre-paid debit card program for migrant families,0
"Biden hopes cease-fire, hostage deal to pause Israel-Hamas war can take effect by next Monday",-1
GOP Social Media Censorship Laws Are Headed To The Supreme Court. These Liberal Law Professors Don’t Want Them Struck Down,1
"Dr. John Gartner on a tale of two brains: ""Biden's brain is aging. Trump's brain is dementing""",0
What Alabama ruling means for patients with frozen embryos: one woman's story,0
"Biden Admin Planted Operative Jeff DiSantis in Fani Willis’ Office to Target Trump, Sources Say",0
Hey Fox News: The gold Trump sneakers are ugly. And they won't sway the Black vote.,-1
Scoop: House Democrats plan barrage against GOP on IVF,0
Fetterman to Democrats criticizing Biden: ‘Get your MAGA hat’,-1
Donald Trump Confirms Candidates He’s Considering for VP (Responsibilities Include Breaking the Law for Him),0
Maga Republicans mocked for playing Jan 6 themed pinball at CPAC,0
Marjorie Taylor Greene viciously mocked for telling women not to “tempt your Christian brothers”,-1
Trump campaign scrambles over abortion ban report as Democrats seize the moment,-1
Chief justice’s Christian reasoning in IVF opinion sparks alarm over church-state separation,-1
Trump moves to dismiss classified documents case,0
Biden’s campaign plans to recognize a union organizing effort from its staff,0
Six out of 10 South Carolina Republican primary voters think Biden wasn’t legitimately elected,0
Texas AG Ken Paxton sues Denton principals for electioneering on district emails,0
Top general says US Army would be a key player in a war in Pacific,-1
"Majority of Americans, for first time, support building border wall",1
Jeb Bush comes to Trump’s defense after $355M fraud judgment: 'Damage could cascade',-1
US reverses Trump-era policy on Israeli settlement expansion,0
Adam Schiff leads California’s US Senate race – with a former Dodger at his heels,0
New York Democrats vote down bipartisan congressional map,0
"Potential Trump V.P. Picks Flock to CPAC, Auditioning for the Spot By His Side",0
Andy Kim Sues to Block Preferential Treatment on Ballots in Senate Race,-1
Biden tops Trump by 4 points in new survey of young voters,1
"Gavin Newsom says he's 'enjoying' Nikki Haley's GOP primary battle against Trump, implies she's helping Democrats",1
Biden and Trump plan dueling visits to U.S.-Mexico border in Texas on Thursday,0
Chicago Board of Education votes to remove Chicago Police officers from schools,0
"Months After Backing Haley, Koch Network Suspends Support for Her Campaign",1
"Ex-F.B.I. Informant to Be Held in Custody Indefinitely, Judge Says",0
Republicans vote unanimously to ban basic income programs in a state with one of the highest homelessness rates,-1
GOP lawmakers slam Biden admin in reaction to college murder suspect’s immigration status: ‘Close the border!’,-1
Trump Picks Up Police Support Even As He Glorifies Those Who Assaulted Police On Jan. 6,1
Alito’s delusions of persecution,0
Gov. DeWine defends top advisor after indictment questions how much she knew about H.B. 6 scandal,-1
The economy is roaring. Immigration is a key reason.,0
Tennessee Governor Rolls Back Marriage Equality in Just Once Sentence,0
Biden says Republicans in Congress are worse than former segregationist senator,-1
Rally in Michigan Urges Protest Vote Against Biden’s Israel Policies,-1
What a self-immolation says about Biden’s Gaza problem,-1
‘There’s No Question This Is Dead’: Biden Impeachment Inquiry Falls Apart,-1
"With trial starting next month, Manhattan DA asks judge for a gag order in Trump's hush-money case",-1
"Government shutdown odds 50-50, House Republican Patrick McHenry says",0
Jill Biden announces $100 million for 'life-changing' research and development into women's health,0
"Democratic North Carolina governor says voters have ‘stark choice’ between Biden, Trump",0
Donald Trump Insists He’s ‘Not Thinking’ About Nikki Haley—Then Repeatedly Posts About Her,0
"Report: Letter containing white powder, death threat sent to Donald Trump Jr.'s home in Jupiter",-1
"South Carolina to Haley: Thanks for Everything, But We Prefer Trump",1
"One third of South Carolina Republicans would spurn Trump if he were convicted, exit poll shows",0
Russia using bots and fake accounts to interfere in U.S. and European elections,-1
South Carolina voter exit polls show how Trump won state's 2024 Republican primary,1
"Trump seeks to block Stormy Daniels, Michael Cohen from testifying at NY hush money trial",-1
Imagine a President Trump Who Owes Saudi Arabia $540 Million: Who’s going to pay Trump’s legal penalty?,-1
Ex-Mueller prosecutor thinks Judge Cannon set a “blocker” to limit when other cases can go to trial,0
"""But it's not true!"": CNN reporter confronts Jim Jordan over indicted informant's debunked claims",-1
Senators urge Biden to end duty-free treatment for packages valued at less than $800,1
Donald Trump and RFK Jr have the same largest donor,0
Biden calls Putin a ‘crazy SOB’ and says Trump remark on Navalny ‘astounds me’,0
Newsom says Biden should ‘100%’ debate Trump ahead of election,0
Trump's CPAC speech showed clear signs of major cognitive decline — yet MAGA cheered,1
Jack Posobiec Hails 'End of Democracy' at CPAC,0
House Republican Levels Massive Allegation Against Comer and Jordan,0
Citizens’ panel chooses nominees for LD22 House vacancy,0
Trump Appeals $454 Million NY Civil Fraud Case,-1
"Early South Carolina exit poll shows highly conservative electorate, with many identifying with MAGA movement",0
Planned Parenthood asks Wisconsin Supreme Court to find 1849 abortion law unconstitutional,1
"Supreme Court faces continued strong disapproval, poll shows",1
How Trump defeated Nikki Haley in her home state of South Carolina,-1
Sex ed classes in some states may soon watch a fetal development video from an anti-abortion group,0
Biden blasts Alabama Supreme Court's 'outrageous and unacceptable' frozen embryo ruling,-1
Republican: Colleagues were warned informant’s Biden claims were not corroborated,-1
"Donald Trump's Empire Is About to 'Implode,' Legal Analyst Warns",0
This ballot measure in South Dakota would restore Roe. Abortion rights groups are attacking it,-1
Congressional Democrats urge U.S. to block Capital One-Discover deal,-1
GOP lawmakers and candidates race to distance themselves from Alabama court decision,0
Donald Trump Failed Black Americans – And Now He’s Trying To Hide Behind Racist Tropes and Corny Jokes,-1
'Pay up:' Marjorie Taylor Greene loses Supreme Court bid to overturn $100k in mask fines,1
The Alabama Chief Justice Who Invoked God in Deciding the Embryo Case,1
Republicans push for discharge petition against Mike Johnson,0
"RFK Jr. courts Black voters, looking to chip away Biden’s support",1
‘Biden needs to do his job’: Republican governors reject president’s border deal push,-1
Biden rips ‘outrageous and unacceptable’ Alabama IVF decision,0
Donald Trump calls wife Melania ‘Mercedes’ in CPAC speech,0
Lara Trump suggests GOP voters would support the RNC paying Trump’s legal bills,1
Lara Trump says she thinks GOP voters would like to see RNC pay Donald Trump's legal fees,1
"They’re Fawning All Over Trump. In Private, They’re Seeking Out Mike Pence.",0
Trump Rambles His Way Through Incoherent Nashville Speech,0
Colorado lawmakers decide to hold proposal exempting legislature from open meetings law's provisions,0
Ohio Democrats call on DOJ to investigate DeWine Administration,0
Bill making its last stop in the Florida House would mandate the teaching of communism,-1
Trump’s victories overshadow weaknesses in reelection bid,-1
Jim Jordan Offers Startling Confession on Indicted Biden Informant — House Judiciary Chair Jim Jordan finally revealed the truth about ex–FBI informant Alexander Smirnov.,1
Biden administration restores Trump-rescinded policy on illegitimacy of Israeli settlements,1
"Outside the Israel Embassy, tears for the ‘martyr’ who set himself on fire there",-1
How Ukraine became a dirty word at CPAC,-1
Russia arrests US dual national over alleged $51 Ukrainian charity donation,0
How Donald Trump Became Unbeatable,0
"r/Politics' 2024 US Elections Live Thread, Part 1",0
Lots of cash. First in the polls. California’s Senate race is Adam Schiff’s to lose,-1
Florida official’s husband indicted on charges connected to alleged Fox News hack,-1
Trump’s plan to use Judge Cannon to block Judge Chutkan and avoid trial,-1
McConnell team in talks with Trump camp about possible endorsement,1
What is the cost for Republicans of their key FBI informant having Russian ties?,0
GOP Congressman Says Colleagues 'Were Warned' About Ex-FBI Informant,-1
"Arizona won't extradite the accused SoHo killer to New York, blaming the DA for being soft on crime. NYC's murder rate is half of Phoenix's, Bragg's office says.",-1
Duckworth skeptical Republicans will back her bill protecting IVF access,-1
Virginia Senate passes bill to strip Confederate organizations of tax breaks,0
"Ex-RNC Chair: Fox Pundit Said 'Quiet Part Out Loud' About Trump's Sneakers | ""If you want to know what Trump campaign staffers think about you, just watch Fox News,"" Michael Steele said.",0
Biden administration will impose sanctions on more than 500 targets in response to Navalny death,-1
"Banks backpedal on climate amid federal scrutiny, anti-ESG pressure",-1
Donald Trump’s con-man hustle for the Black vote is not going to work,0
Tennessee House advances bill to ban reappointing lawmakers booted for behavior,-1
Clyburn gives GOP a new nickname: ‘Groupies of Putin’,0
"Florida defies CDC in measles outbreak, telling parents it's fine to send unvaccinated kids to school",1
GOP governor signs marriage law that could set the stage for a challenge to Obergefell. The law says ordained folks don't have to officiate marriages they're against. But there wasn't a law requiring them to do so in the first place...,0
New Matt Schlapp Subpoenas Target Document-Shredding at CPAC,0
"MAGA GOPers ‘knew all along’ Biden bribe lies came from Russia, former Trump insider says",-1
"For Women Undergoing I.V.F. In Alabama, What Now?",0
Bidenomics Is Still Working Very Well,1
Trump says his criminal indictments boosted his appeal to Black voters,-1
Trump suggests his mug shot and indictments appeal to Black voters,0
Ex-FBI source accused of lying about Bidens and having Russian contacts is returned to US custody,-1
Mike Johnson invoked God in a GOP presentation on keeping the majority. It didn’t land well.,1
"I went to CPAC as an anthropologist to understand Trump’s base − they believe, more than ever, he is a savior",0
Wisconsin’s extreme gerrymandering era ends as new maps come into force,0
"Texas school legally punished Black student over hairstyle, judge says",-1
Pennsylvania Republicans clash with Trump on mail-in voting,0
How dental insurance could change under new RI bill,0
Lauren Boebert gets warning sign about her campaign,-1
Trump says Black voters like him more because of his indictments and mug shot,1
Trump asks judge to delay enforcing the $355 million civil fraud decision for one month,-1
Democrats Reject Bipartisan Map and Will Redraw N.Y. House Districts,-1
"Instead of vetoing ceasefire resolutions, the US must start conditioning support for Israel",1
"The MAGA enemies list is growing, and so are the odds that you’re on it",-1
Trump says he'll defend Christianity from 'radical left' that seek to 'tear down crosses',0
"As US Congress stalls on aid, Ukrainian soldiers head to the frontlines knowing they don’t have enough ammunition",0
"Fewer grievances, more policy: Trump aides and allies push for a post-South Carolina 'pivot'",-1
Polish foreign minister to Speaker Johnson on Ukraine: ‘The credibility of your country is at stake’,0
Oklahoma students walk out after trans student’s death to protest bullying policies,-1
Capitol Hill dysfunction threatens US-Pacific pacts,-1
"‘People who add to the economy are the ones that benefit,’ Utah GOP lawmaker says of tax cut aimed at top 1%",0
Farah Griffin: Haley’s South Carolina results should be a ‘five-alarm fire’ for the GOP,0
Indiana Attorney General Sets Up Website for Snitching on ‘Socialist’ Teachers. Todd Rokita has launched a portal where citizens can tattle on so-called 'woke' educators. It’s a privacy disaster,-1
A New ‘Holy Grail’ in the Housing Crisis: Statewide Rent Caps,-1
Fox News Star: Black People Will Vote for Trump Because ‘They Love Sneakers’,1
GOP lawmakers try to thwart abortion rights ballot initiative in South Dakota,0
Rachel Maddow — ‘Burn it all down’: The rule of law stands as a bulwark against Trumpian lies,-1
Cal State undergraduate student workers vote to unionize,0
Trump lawyer Alina Habba brushes off NY AG threat to seize assets: ‘It will not be successful’,-1
Pride flags would be largely banned in Tennessee classrooms in bill advanced by GOP lawmakers,0
A Biden Accuser Was Discredited. Right-Wing Media Is Undeterred.,-1
Hazmat teams respond to Donald Trump Jr.'s home after white powder found in letter,0
Explosive device detonates outside Alabama Attorney General Steve Marshall’s Office,0
"Trump mocked for calling Melania ""Mercedes,"" but there's one major issue",0
Tennessee lawmaker wants rules in place for the possibility of vaccines in produce,0
House Republican critical of Biden impeachment push demands his removal via 25th Amendment,-1
"Primary apathy in Michigan: Democrats, GOP struggle as supporters mull whether to even vote",0
President Biden to meet with Alexei Navalny's widow and daughter,0
"For the first time in years, Sen. Graham hasn't introduced a national abortion ban | Sen. Lindsey Graham has introduced a federal abortion ban bill every Congress since 2013. As Republicans scramble on abortion messaging, his legislation is conspicuously absent.",-1
Taiwan fears that stalled Ukraine aid foreshadows their future if China invades,-1
Meghan McCain eviscerates Kari Lake over attacks on her father,-1
Michael Stelzig: No need to worry about national security in U.S. Steel deal,-1
Draft RNC resolution would slow the party’s embrace of Trump as the nominee,1
Two Alabama clinics pause IVF services after court rules that embryos are children | A decision by the Alabama Supreme Court has left providers and patients unsure of whether parts of the in vitro fertilization process put them at legal risk.,1
"Trump wins South Carolina's GOP primary, beating Haley in her home state",0
"US intelligence has ‘low confidence’ in some of Israel’s UNRWA claims, report says",1
Republicans clapped when a 'cool dictator' defended Trump. Somehow that makes sense.,1
Democrats outline strategy to flip more statehouses over several years,0
"Judge formally says Trump owes $454 million in civil fraud case, countdown starts for him to put up the money for appeal",-1
Federally funded electric buses are coming to a school near you,0
Biden campaign working to regain support of disillusioned Democratic voters,0
Democrats seek to leverage Alabama embryo ruling in an election year,0
"National security lawyers alarmed by Fox News town hall: Did Trump just “disclose classified info?” Experts think Trump potentially revealed ""classified information about our nuclear weapons arsenal on live TV”",-1
Florida Legislature passes ban on social media for kids,-1
CPAC is trying to convince Republicans that authoritarians are 'cool',1
The Michigan Republican party is already in chaos. What will Tuesday bring?,-1
Trump’s criminal past is catching up to him at the worst moment politically,-1
"Be Not Afraid: All Glory to God, Trump, Newsmax and Bigots",0
"Texas spent nearly $1 million on four flights for migrants, records show",0
"If Trump Drives Haley From the Race, What Will Her Voters Do in November?",0
Alabama's IVF ruling puts Republicans in a political bind,0
Trans youth matter. Melanie Willingham-Jaggers needs us to fight harder for their future.,-1
Guess What Just Disappeared From GOP’s Biden Impeachment Website,-1
State Senator calls 2SLGBTQ+ Oklahomans ‘filth’ after question on legislation and nonbinary student’s death,-1
Watch: Trump mocks Biden with stumbling impression in CPAC speech,-1
"Would this Oklahoma bill actually ban IUDs, Plan B? What we know about HB 3216",-1
Trump Has a Hilarious New Excuse for Why He Can’t Put Up Bond: Donald Trump is now trying to get out of posting the bond in his E. Jean Carroll case.,1
Joe Biden gives the media a desperately needed lesson about Donald Trump,-1
Clarence Thomas hires clerk accused of sending racist texts,-1
"They Came, They Saw, They Left Early: Trump Stumps in South Carolina",0
Pauses on embryo transfers out of Alabama leave IVF patients few options,0
"Inside the Internal Debates of a Hospital Abortion Committee | In states that banned abortion, doctors are left to wrestle with tough decisions about high-risk pregnancy care. “I don’t want to have a patient die and be responsible for it,” one Tennessee doctor said.",-1
They renounced Trump. Will they get fellow conservatives to vote Biden?,0
WA bill to eliminate child marriages may soon become law,0
"Trump, advocates demand action on Alabama's controversial IVF ruling",-1
El Paso leaders rally around migrant shelters after Attorney General Ken Paxton’s threat to shut them down,-1
Republicans issue new shutdown threat over trans people,-1
Jack Smith says Trump’s handling of classified docs was far worse than Biden’s,-1
Trump formally ordered to pay $454 million in New York fraud case,-1
Nikki Haley battles steep odds and Trump taunts in home state primary,-1
"Trump is winning big with his base, but there’s no sign that he's broadening support",1
Trump agrees with Putin that Biden should be president,1
Far-right influencer calls for ‘end of democracy’ at CPAC as Republicans downplay January 6,0
One of Trump’s Election Fraud Lawyers Just Got Caught in a Big Lie: Kenneth Chesebro had a secret Twitter feed that undermines the core of his legal defense.,-1
Fact check: Did Trump really win “double the votes” in SC GOP primary?,1
"At CPAC, Trump’s potential running mates compete to prove their loyalty",1
"The Conversation: Pete Buttigieg tours Honolulu rail, harbor; Maui evictions",0
Anti-trans bills keep citing the New York Times,0
"Trump says Black voters relate to criminal prosecutions, prefer the 'white guy' to Obama",-1
Law enforcement leaders urge Biden to reclassify marijuana to lesser status,0
Louisiana governor makes it easier for companies to receive lucrative tax breaks that take money away from cash-strapped schools,1
GOP budget chair: Tax hikes should be on the table to reduce the deficit,-1
"Biden meets with widow, daughter of Alexei Navalny",0
‘Mentality of dictators’: Republican convert Tulsi Gabbard takes aim at former party at CPAC,1
"Biden missing opportunity on legalizing marijuana, advocates warn",0
Biden to governors: Tell lawmakers opposing border deal to ‘show a little spine’,0
Tennessee GOP quietly overturns marriage equality by giving officials the right to refuse,0
West Virginia’s top election official embraces conspiracy theories and election denial,-1
Biden’s frustration with the media boils over,-1
I’m a Reuters reporter in South Carolina for the Republican primary – ask me anything!,0
Excitement builds over Trump VP pick,1
Biden Is Summoning Congressional Leaders to the White House to Talk Ukraine and Government Funding,0
Newsom launches abortion ads in Republican states to fight ‘war on women’,-1
Donald Trump wins South Carolina Republican primary,1
‘It’s very well-thought-out’: Authoritarian expert breaks down dangers of Project 2025,-1
Dim or disloyal? Republicans again ensnared in possible Russian plot.,0
Christian group demands Clarence Thomas recuse himself from Trump case,0
Blabbering Donald Trump Hands Jack Smith a Key Piece of Evidence,0
Watch: Jim Jordan Freaks Out When Asked About Losing His Star Biden Witness,-1
"Trump wins South Carolina, beating Haley in her home state and further closing in on GOP nomination",0
Alabama Republican urges fertility clinics to reopen; UAB says it’s not so simple,0
Post-McGirt inequality for Black freedmen prompts Cherokee Nation to lobby Congress,1
"Phone Records Could Get Fani Willis Disbarred, Jailed, Legal Experts Say",-1
Utah House kills bill banning LGBTQ+ Pride flags and political views from classrooms,-1
U.S. charges yakuza gang leader with conspiring to sell nuclear material,-1
"Oklahoma senator calls LGBTQ+ people ""filth"" while commenting on death of Nex Benedict",-1
Kamala Harris is an underrated asset,1
Donald Trump appeals $454 million judgment in New York civil fraud case,-1
Biden announces new sanctions vs Russia two years into Ukraine war,-1
What Tom Suozzi's victory can teach NY Dems about reaching out to Asian American voters,1
Trump’s colossal legal fees are draining his campaign at the worst time,-1
Fight or flight: Fearful Trump critics weigh the risk of retribution if he's re-elected,-1
Meet the magician who says he’s behind the fake Biden robocall: From the Politics Desk,-1
Hillary Clinton warns birth control is ‘next’ after Alabama IVF ruling,0
Tennessee governor signs bill allowing public officials to refuse to perform same-sex marriages,-1
Fulton County D.A.'s office preparing response disputing new Trump claims about Fani Willis' relationship with her deputy Nathan Wade,-1
Republicans would cripple the IRS by forcing its workers back into the office,0
"Wisconsin's new maps get national attention, including from Obama and NYT's news quiz",0
An RNC member is trying to stop the party from paying Donald Trump’s legal bills,1
Michigan governor says not voting for Biden over Gaza war ‘supports second Trump term’,-1
"Ex-FBI informant charged with lying about Bidens to remain jailed while he awaits trial, judge rules",-1
"Nazis mingle openly at CPAC, spreading antisemitic conspiracy theories and finding allies",-1
Biden calls today’s Republicans in Congress ‘worse’ than Strom Thurmond,0
The GOP’s history of endangering American and global security,1
A TX Woman Was Denied an Abortion Even Though Ectopic Pregnancy Was Killing Her. The case is yet another example of how Texas’s “life-saving” abortion exception has been ignored.,-1
Red states that have resisted Medicaid expansion are feeling pressure to give up,0
"Majority of teachers think government, parents have too much influence over school curriculum: Survey",0
‘That’s a hard one’: Alabama senator flounders over state’s IVF embryo ruling,0
Anti-Trump Republicans wonder if they still have a political home,0
The Back Channel Talks to Secure McConnell’s Endorsement of Trump,1
"LockBit back in action, threatens to leak stolen Trump docs",-1
Vindman: Trump’s NATO threat likely a ‘contributing factor’ in Navalny’s death,-1
Sen. Tommy Tuberville struggles to answer questions on Alabama's IVF ruling,-1
Rapist Who Wanted Vice President Dead Compares Self to Navalny,-1
"Arizona DA says she distrusts Manhattan DA Alvin Bragg, won't extradite murder suspect",1
"Justices skeptical of Texas, Fla. laws that bar platforms from deleting content",-1
Black teenager suspended over dreadlocks in Texas heads to court in CROWN Act case,-1
Billionaire Koch brothers-backed network stops Nikki Haley spending,0
How everything became a ‘psyop’ for conservative media,0
Column: Kari Lake talked smack about John McCain. Now she wants to take it back,0
"The Cruel Chaos of Greg Abbott’s Border Battle: The Texas National Guard has deployed lies, fire, and razor wire in what's been a largely inept attempt to deter asylum seekers.",-1
Alito’s cries of religious persecution are a chilling preview of Supreme Court in another Trump term,1
January 6 insurrection glorified at pro-Trump CPAC gathering,1
"Judge bars Nassau County from requiring urine test, social media check for handgun applicant",0
Bipartisan Wisconsin ethics commission refers Trump PAC for felony prosecution over alleged scheme,-1
‘My ultimate and absolute revenge’: Trump gives chilling CPAC speech on presidential agenda,0
Ken Buck Says Republicans Ignored Warning About Biden Impeachment Witness,-1
GOP elder statesmen’s message to Johnson: Stop dithering,-1
"Wisconsin 2024 Poll: Trump 45%, Biden 42%",0
US Congress members praise Taiwan’s democracy in a visit that’s certain to draw China’s scrutiny,1
"PNW tribal nations, states sign historic Columbia Basin agreement with U.S.",1
"Calling Himself a ‘Political Dissident,’ Trump Pitched Regime Change at CPAC",0
Republican congressman says Biden impeachment unlikely but inquiry will continue ahead of election,0
"Trump portrays 2024 race as a Christian battle, akin to D-Day",-1
Biden adviser says Putin ‘major beneficiary’ if Speaker Johnson fails to have Ukraine aid vote,-1
O’Rourke supports campaign to vote ‘uncommitted’ in Michigan Democratic primary,1
Republicans Suddenly Realize Alabama's IVF Ruling Is Bad For Them,-1
"There are five days until a partial government shutdown, and lawmakers have yet to reach a deal to avert it ",0
James Comer and Tucker Carlson aren't fooled by Russian lies — they're complicit,0
An Ohio senator and his wife said they fired ‘warning’ shots. A teenager and his family say they were shot at,-1
"Black leaders, DNC blast Trump for ‘racist’ comments",0
Gen Z Loves Donald Trump More Than Any Other Age Group,1
"Biden met with Navalny's wife, daughter on Thursday - White House",0
The Red States Fighting the Good Fight Against Big Tech: Conservative state governments have taken an antitrust battle to the Supreme Court’s doorstep—and you should root for them to win.,1
Trump easily defeats Haley in South Carolina,0
Trump’s Mar-a-Lago co-defendant seeks dismissal of charges in documents case,-1
Some Biden nominees languished in Senate limbo for hundreds of days,0
"Manhattan DA seeks gag order on Trump in criminal hush money case, citing voluminous threats to office staff",-1
Sununu says GOP won’t be Trump’s party forever: ‘A‑‑holes come and go’,1
"White House reverses West Bank policy, calling Israeli settlements illegal",-1
Donald Trump accused of not having the cash to pay $400M bond,-1
Jared Polis has a simple message for making America inclusive for everyone: Go vote,0
Donald Trump says he made Israel the capital of Israel in speech gaffe,0
South Carolina veterans feel disrespected by Trump. Many will support him anyway,0
Trump and his favorite fundraising platform both face donor problems,0
Key figure in fake electors plot concealed damning posts on secret Twitter account from investigators,-1
Senate GOP group urges campaigns to come out swinging against Alabama IVF ruling,0
"How Portugal eased its opioid epidemic, while U.S. drug deaths skyrocketed",1
"Alabama said frozen embryos are kids. The GOP isn’t sure what to do about it. IVF — and specifically how to handle unused, frozen embryos — was rarely, if ever, discussed outside of the rightmost fringes of anti-abortion and religious circles.",1
Judge says Texas school district can punish Black student for his hairstyle,-1
House GOPer Slams Republicans on Their Stupid Impeachment Crusades | Representative Ken Buck has had enough of his own party.,0
NBC News Shows Receipts After CPAC Denies Nazis Mingled at Conference. | CPAC and its boss Matt Schlapp have rejected the notion that white supremacists openly attended the right-wing conference. But the pictures don’t lie.,-1
"'The hope is that this is a temporary situation': As Her Clinic Pauses IVF, an Alabama Doctor Speaks Out",1
Marjorie Taylor Greene wants women to stop tempting Christian men,-1
Influential Koch network stops spending for Nikki Haley to focus on Senate and House races,1
Rep. Perry says House GOP should cancel Biden’s SOTU address,-1
Texas governor responds to LGBTQ human rights criticisms: ‘The UN can go pound sand’,-1
"Trump, Republican Senate candidates express support for in vitro fertilization",1
PG A.M.: Marjorie Taylor Greene wants top Homeland Security job under Trump,1
"Trump's vision for the military: hunting cartels, patrolling US cities, quelling dissent",1
"'More unhinged': Former Trump aide sounds alarm, reveals why she’ll vote for Biden",-1
Florida gets closer to banning social media for children and teens under 16,0
Supreme Court to decide if states can control fate of social media,1
"Trump throws Truth Social tantrum demanding all cases against him ""must be immediately halted""",-1
Gaetz attacks GOP House Ethics chair amid investigation,-1
Republicans struggle to respond to Alabama embryo ruling,-1
Michigan Secretary of State Jocelyn Benson says voters turned out in record numbers ahead of primary,0
Democrats brawl in California Senate race as progressives fear a lockout,-1
Controversy over new Tennessee law could lead to criminal charges for primary voters,-1
Six major abortion fights where Trump hasn’t taken a position,-1
Bennie Thompson’s Plan to Make Sure Voters Remember Jan. 6,1
Deal to dodge government shutdown appears to stall amid GOP policy demands,-1
"Letitia James live tweets $114,000 daily interest charges on Trump’s $464m fraud ruling",-1
"$454 million judgment against Trump is finalized, starting clock on appeal in civil fraud case",-1
Republican Mississippi governor ignores Medicaid expansion and focuses on jobs in State of the State,-1
"Jake Sullivan says U.S., Israel have agreed to 'basic contours' of a cease-fire deal",1
New bill would allow drivers to not sign traffic tickets if they are pulled over,1
"Republicans need to explain when they learned the truth about Alexander Smirnov: Were GOP lawmakers played the fool by Russia, or were they in on their ""informant’s"" claims?",1
Alabama Justice Who Ruled That Embryos Are ‘Children’ Appeared On QAnon Conspiracist's Show,1
Russian Oligarchs May Want to Bail Out Donald Trump: Nat'l Security Lawyer,1
State DOTs Spend Even More Money on Highway Expansions Than We Thought | Advocates knew states would go on a highway widening binge when the Bipartisan Infrastructure Law passed — but they didn't know it would be quite this bad.,-1
"Conservative news site seeks to open divorce records for Ruben Gallego, Kate Gallego",0
The political vultures circling Biden and Trump,-1
How Putin Co-Opted the Republican Party,1
The Spy War: How the C.I.A. Secretly Helps Ukraine Fight Putin,-1
Former Obama aides sound alarm over ‘frail’ and ‘mumbling’ Biden —warn his age ‘is a very real issue’,-1
California’s Senate primary could fell two prominent Democrats and elevate Republican Steve Garvey,1
"Jury finds NRA liable for mismanagement, says Wayne LaPierre violated duties",-1
Court Strikes Down California Ban on Possessing Billy Clubs,-1
Worried Republicans Urge Senate Candidates to Support I.V.F.,0
"Virginia Senate goes into recess twice after Lt. Gov. Winsome Earle-Sears 'misgenders' transgender senator, who stormed away",0
Democratic operative admits to commissioning fake Biden robocall that used AI,-1
Georgia Gov. Brian Kemp demands answers from Biden on Laken Riley suspected killer's immigration status,-1
Trump’s Outbursts Weaken NATO and Harm the US,-1
"Indicted ex-FBI informant’s lawyers may be trying to help him flee the US, judge says",1
Wisconsin Ethics Commission alleges illegal scheme by Trump fundraising committee and Rep. Janel Brandtjen,-1
Lara Trump says she thinks GOP voters would like to see RNC pay Donald Trump’s legal fees,1
Students could get grades changed over politics under Arizona Senate plan,0
Tommy Tuberville ‘one hundred percent’ backs Alabama embryo decision,0
School district fights back against book-banning Republican accusing them of giving porn to kids. They are turning to courts to protect them from the book-banning official.,0
Hunter Biden says democracy is at stake in his battle to stay sober,-1
"After home-state humbling, the question now is: What's Nikki Haley running for?",0
Leaders are likely to seek quick dismissal as Mayorkas impeachment moves to the Senate,0
Trump appeals New York civil fraud verdict,-1
Koch network halts Nikki Haley funding after South Carolina loss,-1
"House GOP’s budget ‘poison pills’ could force spending cuts, rattle economy",-1
Scoop: House Democrat floats Mike Johnson protection measure,0
New bill would require Arizona teen drivers to take a mandatory driving course,0
Donald Trump Is the Leeroy Jenkins of the Republican Party,1
Gov. Whitmer blasts Rep. Schriver’s posts as ‘unpatriotic’,0
"Trump-Haley rivalry enters bitter, personal new phase",-1
How Democrats Could Disqualify Trump If the Supreme Court Doesn’t,1
Justices hint Florida and Texas social media laws may be unconstitutional,0
Opinion: Nikki Haley can still beat Trump. Just not by winning the nomination,-1
"A Wild and Dangerous 2024 Experiment: Inside No Labels, the most confounding third-party gambit of the 2024 election",-1
"West Valley GOP congressional candidates clash over how to govern, election integrity",1
Missouri law says pregnant women can’t get divorced,0
GOP Congresswoman Shows Mind-Blowing Hypocrisy on Alabama IVF Ruling,0
Fertility treatments freeze after Alabama Supreme Court's embryo ruling,1
"The ""What happened in your state last week"" Megathread, Week 7 & 8",0
The case of Clarence Thomas’s new clerk taints the entire judiciary,0
Bill allowing government employees to refuse solemnizing marriages signed into law in Tennessee,-1
GOP shutdown fears grow: ‘We could be in a world of hurt’,-1
Clock is ticking for Trump to post bonds worth half a billion dollars,1
"Marines pass full financial audit, a first for any US military branch",0
Alabama Lawmakers Move to Protect I.V.F. Treatments,1
NY Democrats set to redraw congressional map themselves,0
"Trump’s Abortion Plan Leak Inflamed His Campaign and Energized Democrats — Donald Trump’s plan for a 16-week, national abortion ban wasn’t supposed to be public. Democrats are ready to pounce",-1
Nazis at CPAC is a frog-in-boiling-water moment for the right,0
Lara Trump stands to inherit a fundraising mess of Trump's own making,-1
US targets Russia with more than 500 new sanctions,0
I Wrote George W. Bush’s Cheat Sheets. Here’s What I Learned.,-1
Discussion Thread: 2024 Republican Presidential Primary in South Carolina,0
Russia-linked smear campaign against Hunter Biden began earlier than previously thought,-1
Elizabeth Warren urges regulators to block Capital One’s takeover of Discover,-1
Illinois judge who reversed rape conviction removed from bench after panel finds he circumvented law,-1
Former FBI informant charged with lying about Joe and Hunter Biden re-arrested,-1
"Union households favor Biden — but by closer margin than in 2020, poll finds",1
Koch network stops spending on Nikki Haley's presidential campaign,0
Governor signs executive order declaring Hawaiʻi a trauma-informed state,0
Senior Republican who called Trump ‘inexcusable’ endorses him for president,1
Alabama IVF ruling divides devout Christians: 'Fewer children will be born',0
Greene says Judge Engoron ‘should be disrobed’,0
How the Biden Team Plans to Exploit Trump’s Big Cash Problem,-1
New bills in Colorado legislature take aim at oil and gas industry over Front Range’s poor air quality,-1
"Hit Trump on Theocracy, Not Hypocrisy | The former president’s alliance with religious fanatics is a far bigger problem than his lack of piety.",-1
"Johnson eyes spending package to avert shutdown, warns GOP not to expect ‘home runs’",-1
Florida surgeon general defies science amid measles outbreak,0
What should Pa. voters expect in the U.S. Senate race? Lots of ads and no crudité gaffes,-1
Why the Supreme Court hasn't ruled yet on Trump's immunity claim,1
Republicans say Georgia student's killing shows Biden's migration policies have failed,-1
"Off to Michigan, Haley is staying in the race despite Trump's easy primary win in South Carolina",1
Billboards in Pa. tie Trump’s Roe bragging to Alabama ruling that halted IVF,0
Trump under fire for saying his mug shot appeals to Black voters,-1
"Texas School Can Suspend Black Student for His Hair, Court Rules. A GOP judge held that state laws against race-based hair discrimination didn’t apply.",-1
"After Alabama Court Decision, Panic And Heartbreak In Fertility Clinics",-1
Jack Smith Pounds Trump For His Unprecedented Conduct In MAL Case,0
Inside the Christian Nationalist Church Where Proud Boys Go to be Baptized,1
How Alabama’s IVF ruling might spill over into Texas,0
Why Republicans Are Making a Big Mistake on Biden’s Age,-1
OK lawmaker calls LGBTQ people ‘filth’ following beating death of bullied nonbinary teen,-1
Republican suggests vaccines may be getting injected into lettuce,0
MAGA Republican Pledges “End of Democracy” to Rabid Cheers at CPAC,1
Rep. Matt Rosendale threatens legal action over ex-senator’s ‘rumor’ he impregnated 20-year-old staffer,-1
Explosive device detonated outside Alabama attorney general’s office,0
"Don’t let Utah become like California, Texas A.G. tells Beehive State Republicans. Ken Paxton headlines GOP fundraiser. Utah A.G. Sean Reyes touts him for a Trump II Cabinet post, while an emeritus LDS leader lauds Lincoln, U.S. founding.",1
Let’s Just Say It: Trump Is Weaker Than He Looks,-1
Top Republicans defend IVF after Alabama ruling,1
10 ways a second Trump term could be more extreme than the first,0
Support for Extremism Among U.S. Military Veterans Is Similar to Public at Large,1
"Oklahoma education chief claims Nex Benedict’s death being ‘exploited’ by ‘radical leftists’. Oklahoma’s state superintendent of education, Ryan Walters, has claimed the death of non-binary teen Nex Benedict is being ‘exploited’ for “political gain” by “radical leftists”.",-1
Senators prep for Mayorkas impeachment as government funding deadline looms,0
House conservative demands stall efforts to avert shutdown,-1
Supreme Court weighs blocking a federal plan to cut smog pollution,-1
Ex-FBI informant charged with lying about the Bidens is re-arrested as prosecutors fight to keep him behind bars,-1
"‘Assholes come and go’: Trump isn’t the future, Sununu says - “It won’t be his party forever. ... It just won’t,” Sununu said.",1
Fact check: Trump delivers another lie-filled CPAC speech,0
Hear why man who debunked Mike Lindell’s false claims says it was worth it,1
A Return to Trump’s Housing Policies Would Be a Disaster: The former president made his name as an unscrupulous real estate magnate. So it’s no surprise that he pushed for ideas designed to take from the poor and give to the rich.,-1
"Trump PAC likely committed felonies, Wisconsin ethics panel finds",-1
Manhattan DA Alvin Bragg asks judge to impose gag order Trump in hush money case,-1
Haley isn’t dropping out. But the end may be near. - Haley committed over the weekend only to keep running through Super Tuesday.,1
Inside the Democratic rebellion against Biden over the Gaza war,-1
Putin looms over a third successive US election,0
Trump to Black voters: You ‘embraced’ my mugshot,0
Judge denies Trump request for 30-day delay in enforcement of damages in New York civil fraud case,-1
Georgia bill aims to protect religious liberty. Opponents say it's a license to discriminate,1
A shutdown is approaching. Biden and Johnson's lack of relationship isn't helping.,-1
A housing shortage is testing Oregon's pioneering land use law. Lawmakers are set to tweak it,-1
Trump's new legal debts could have catastrophic 'domino effect' on existing debts,-1
The Cash-Strapped Trump Campaign Is Trying to Get Away With a New Donor Loophole,0
"Tax evasion by millionaires and billionaires tops $150 billion a year, says IRS chief",1
Native American tribes gain new authority to stop unwanted hydropower projects,0
A prediction: Andy Kim is going to win | Moran,1
Biden ties Trump tight to the Alabama court’s IVF ruling,0
Poland’s Sikorski Warns US to Aid Ukraine or Face ‘Profound Consequences’,0
Gavin Newsom: Biden’s age is an asset,1
Florida lawmakers pass ban on social media for kids under 16 despite constitutional concerns,-1
Assembly leaders concede Michael Gableman violated records laws during fruitless 2020 election review,-1
Gov. Greg Abbott reacts to Alabama Supreme Court ruling embryos are children,1
Gavin Newsom faces another recall threat in California,-1
The huge unanswered question about the GOP’s favorite border policy,1
Congresswoman Maxine Waters 'deeply opposed' to Capital One-Discover deal,0
"Donald Trump dons the ""armor of God"" — and pushes for theocracy",1
Jeffries Weighs How to Force Ukraine Aid Vote While Keeping Democrats United,1
RNC Member Trying to Stop Party from Paying Trump’s Legal Bills,1
Florida bill allowing residents to kill ‘crack bears’ in self-defense clears senate,-1
Manhattan DA seeks gag order against Trump in hush money criminal case,-1
Wisconsin ethics panel calls for felony charges against Trump fundraising group,-1
Alabama lawmakers move to protect IVF treatment,1
Biden supercharged these Michigan unions. Will workers return the favor?,1
The Smirnov Affair: MAGA Republicans Are Useful Idiots for Russian Intelligence,1
“What a joke”: Experts trash Trump's “insultingly stupid” filing asking Judge Cannon to dismiss case,0
An ectopic pregnancy put her life at risk. A Texas hospital refused to treat her.,0
Nikki Haley makes her case to a Republican Party that no longer exists,0
"Largest gun bust in Ontario history revealed in joint OPP, U.S. Homeland Security investigation",0
‘Disinformation on steroids’: is the US prepared for AI’s influence on the election?,1
Former consultant for Dean Phillips’ campaign admits to role in fake Biden robocall,-1
Ex-Trump officials plot out sweeping abortion restrictions for return to office,0
The Americans Who Need Chaos,-1
It Sure Looks Like Trump Can’t Pay the Bond in His Fraud Trial,0
New Arizona Senate poll: Ruben Gallego up big over Kari Lake in race for Kyrsten Sinema’s seat,0
Trump adds $111K on what he owes in civil fraud judgment every day he refuses to pay it,-1
'Where does it stop?' Moms for Liberty co-founder opposes banning kids from social media,1
"Ronna McDaniel stepping down is ""smart move,"" Kevin McCarthy says",1
A Conservative Judge’s Critique of the Supreme Court’s Reliance on Tradition,1
Why Democrats Should Stop Freaking Out About Biden 2024,-1
Alabama justice who ruled embryos are people says American law should be rooted in the Bible,1
The Biden ‘bombshells’ all lead back to Trump – and Russia,0
"US should block cheap Chinese auto imports from Mexico, US makers say",-1
How a Bill Barr ‘assignment’ led to a Biden impeachment effort based on a lie,0
Trump’s Most Successful Deal? Selling Tribalism,1
Could a Georgia judge derail the Trump election fraud case? Fani Willis decision looms large,-1
"Wayne LaPierre should pay the NRA more than $4.3 million for misusing charitable funds, jury finds",1
Takeaways from Trump's thumping of Haley in South Carolina,0
Biden administration makes $115 million available for low-income senior housing,0
Biden announces more than 500 new sanctions on Russia after Navalny's death,-1
Another State’s High Court Just Told the U.S. Supreme Court: Enough With the Gun Craziness,0
Former CIA Director explains how Russia is using 'Republican lawmakers as tools’,0
The prospect of a second Trump presidency has the intelligence community on edge,1
"Trump moves to dismiss his classified documents indictment, citing presidential immunity",0
Hunter Biden sees staying sober as key to preventing Trump win,1
"Biden: Congress' Republicans ""worse"" than Strom Thurmond",-1
The Top Muslim State Lawmaker in Michigan Wants You to Turn on Joe Biden,1
Supreme Court likely to block EPA ozone regulation,0
Former FBI informant charged with lying about Bidens to remain jailed: Judge,-1
Biden announces more than 500 sanctions on Russia after Navalny's death,-1
The South Carolina primary is a joke. It tells us something deadly serious.,1
Blinken reverses Trump-era policy on Israeli settlements in occupied West Bank,0
Arab Americans in Michigan could deliver Biden's first blow,0
Letter: Supporting Trump is simply another way to give the “Heil Hitler” salute,1
Wisconsin ethics commission refers Trump fundraising arm for prosecution,-1
Schumer challenges Johnson to ‘step up’ ahead of Friday shutdown cliff ,0
Taiwan’s leadership ‘extremely worried’ US could abandon Ukraine,-1
Donald Trump praises Capitol rioters for ‘tremendous spirit’ during incoherent speech,1
Sen. Kyrsten Sinema is almost out of time to launch a re-election campaign,0
The Crazy Collapse of the House G.O.P.’s Impeachment Case Against Biden,-1
"“Can’t escape this”: Legal analyst says fraud ruling may force Trump into “personal bankruptcy""",-1
Trump slammed for ‘unbelievably racist’ claim that Black people like him because of mug shot,1
Does the First Amendment apply to social media moderation? The U.S. Supreme Court will decide.,1
Will the Families Separated by Trump Ever Be Reunited?,0
“Suicide for our country”: Nikki Haley goes scorched earth on Trump,0
"Kari Lake Isn’t Even Trying to Be Convincing About the Election Fraud Narrative Now: She just had a feeling something was off, you know?",0
Trump's demographic problem,-1
"Democrats urge Biden administration to block Capital One, Discover merger",-1
Phillips campaign distances itself from consultant who allegedly commissioned fake Biden robocall,-1
"If Trump wins, will the U.S. become isolationist?",1
Government shutdown threat returns as Congress wraps up recess,-1
Veterans groups join calls for Biden administration to reschedule marijuana,1
"Biden says Gaza ceasefire could come by 'end of the weekend,' would allow release of hostages",1
Being Denied a Press Pass at CPAC Was the Best Way to Cover the Conference,1
Justice Thomas Hires Law Clerk Accused of Sending Racist Text Messages,-1
"Gov. Abbott vows to support IVF, does not call for law to protect access in Texas",1
The War in Gaza Turned This Longtime Michigan Democrat Against Biden,-1
Putin ally says Trump will imprison his rivals if reelected,0
Trump Coughs Up Almost $400K to New York Times in Failed Tax Docs Lawsuit. | The former president was ordered to cover the Gray Lady’s legal costs last month.,-1
"Alabama IVF ruling: Alabama attorney general’s office says it has ‘no intention’ to prosecute IVF families, providers",-1
Jan. 6 rioter who assaulted police calls for 'accountability' for 2020 election lies,-1
New Tennessee Marriage Law Takes Aim At Obergefell,0
Judge ordered rearrest of FBI informant charged with Biden lies over fears he would flee,-1
U.S. isolated at G-20 as Gaza crisis worsens,-1
"U.S. House of Representatives Votes to Condemn Hamas' Sexual Violence on October 7, Rashida Tlaib Abstains",-1
"Trump's properties could be seized if $454 million civil fraud debt not paid, warns NY AG James",-1
Capitol Hill fight over spending pushes country closer to government shutdown,-1
Trump pays $392k in legal fees to New York Times after failed lawsuit over disclosure of his tax documents,-1
Biden is summoning congressional leaders to the White House to talk Ukraine and government funding,0
How American Gun Culture Fuels Anti-Immigrant Politics,-1
Republicans Struggle to Respond as Democrats Emphasize the Alabama I.V.F. Ruling,-1
"Trump struggles to say ‘evangelical’ and muddles up Israel in wild, incoherent speech at Christian event",-1
Trump appeals ruling in New York civil fraud case,-1
Lindsey Graham gets booed during Trump South Carolina victory remarks,0
Private investigator working with Trump used cell phone data to try and undercut Georgia prosecutors’ testimony,0
What a Trump 2.0 presidency would mean for the stock market,0
How Johnson wooed Trump to back a GOP congressman targeted by Gaetz,0
"House is heading toward ""nuclear"" war over Ukraine funding, one top House GOP leader says",-1
Florida Passes Sweeping Bill to Keep Young People Off Social Media,0
"Trump’s surrogates have been dispatched to South Carolina ahead of the state’s primary to highlight his policies, but there is one thing none will discuss: Alexei Navalny.",0
Vacant office buildings create a tax revenue problem for cities,0
Rashida Tlaib Slammed for Urging Voters to Withhold Support for Joe Biden,1
Donald Trump tried to corrupt attorney in classified docs case—prosecutor,0
Donald Trump's hometown newspaper endorses Joe Biden,1
Russia’s 2024 election interference has already begun,0
"'Saturday Night Live' jabs Lindsey Graham, Marco Rubio and other Republican lawmakers for endorsing Donald Trump",0
"RFK says he didn’t read Alabama IVF ruling, declines to say when life begins",0
Trump appeals $454 million judgment NY civil fraud case,-1
Fox News cuts into footage of Trump's speech in Carolina to point out inaccuracies,-1
"Republicans’ Star Hunter Biden Witness Is an Epic Disaster - As if it wasn’t bad enough already, a new Justice Department memo says ex-FBI informant Alexander Smirnov confessed that he has ties to Russian intelligence.",-1
Biden impeachment effort on the brink of collapse,-1
US Used AI to Help Find Middle East Targets for Airstrikes,1
"Republicans Prefer Rapists Having Babies Over IVF, Gavin Newsom Says",-1
Alabama's targeting of IVF is the Christian right's attempt to control motherhood,0
Haley bashes Trump on Russia as she seeks to gain ground in GOP primary,1
‘Our lives are upended’: Alabama’s IVF ruling is already preventing people having children,0
Florida scrambles to get retired teachers to return to combat shortage,-1
'Insulting': Ruben Gallego says Kari Lake lied by saying her attacks on McCain were jokes,-1
Prosecutors Reject Claims of Unfairness in Trump Classified Documents Case,-1
Utah Gov. Cox calls gender-affirming care ‘genital-mutilation surgery’ during ‘Disagree Better’ event,1
